year,sourceCode,sourceName,sourceUrl,publishedMonth,responses,used
2018,onceki-yazilimci,Önceki Yazılımcı,https://github.com/oncekiyazilimci/2018-yazilimci-maaslari,2018-07,1523,1494
2019,onceki-yazilimci,Önceki Yazılımcı,https://github.com/oncekiyazilimci/2019-yazilimci-maaslari,2019-02,1110,1102
2020,onceki-yazilimci,Önceki Yazılımcı,https://github.com/oncekiyazilimci/2020-yazilimci-maaslari,2020-04,1936,1876
2021,onceki-yazilimci,Önceki Yazılımcı,https://github.com/oncekiyazilimci/2021-yazilimci-maaslari,2021-06,2636,2324
2022,onceki-yazilimci,Önceki Yazılımcı,https://github.com/oncekiyazilimci/2022-yazilimci-maaslari,2022-04,5030,4411
2023,onceki-yazilimci,Önceki Yazılımcı,https://github.com/oncekiyazilimci/2023-yazilim-sektoru-maaslari,2023-03,8177,7591
2024,onceki-yazilimci,Önceki Yazılımcı,https://github.com/oncekiyazilimci/2024-yazilim-sektoru-maaslari,2024-03,5989,5308
2025,onceki-yazilimci,Önceki Yazılımcı,https://github.com/oncekiyazilimci/2025-yazilim-sektoru-maaslari,2025-03,9056,8079
2026,onceki-yazilimci,Önceki Yazılımcı,https://github.com/oncekiyazilimci/2026-yazilim-sektoru-maaslari,2026-03,5002,4548
