year,group,dimension,bucket,count,p10,p25,p50,p75,p90,atLeast
2018,back-end-developer,All,,631,2500,3500,4500,6500,9000,
2018,back-end-developer,Level,Junior,171,1000,2500,2500,3500,4500,
2018,back-end-developer,Level,Middle,227,2500,3500,4500,6500,9000,
2018,back-end-developer,Level,Senior,233,4500,6500,6500,9000,11500,
2018,back-end-developer,Experience,ZeroToTwo,252,1000,2500,3500,3500,6500,
2018,back-end-developer,Experience,ThreeToFive,126,3500,4500,6500,6500,9000,
2018,back-end-developer,Experience,SixToTen,195,4500,6500,6500,9000,11500,
2018,back-end-developer,Experience,TenPlus,58,3500,6500,9000,11500,14000,
2018,front-end-developer,All,,185,1000,2500,3500,6500,9000,
2018,front-end-developer,Level,Junior,65,1000,1000,2500,3500,3500,
2018,front-end-developer,Level,Middle,66,2500,2500,4500,6500,6500,
2018,front-end-developer,Level,Senior,54,3500,4500,6500,9000,9000,
2018,front-end-developer,Experience,ZeroToTwo,86,1000,1000,2500,3500,4500,
2018,front-end-developer,Experience,ThreeToFive,44,2500,2500,4500,6500,6500,
2018,front-end-developer,Experience,SixToTen,46,3500,4500,6500,9000,9000,
2018,full-stack-developer,All,,344,2500,3500,6500,6500,9000,
2018,full-stack-developer,Level,Junior,69,1000,2500,2500,4500,4500,
2018,full-stack-developer,Level,Middle,136,2500,3500,4500,6500,6500,
2018,full-stack-developer,Level,Senior,139,4500,6500,6500,9000,11500,
2018,full-stack-developer,Experience,ZeroToTwo,112,1000,2500,3500,4500,6500,
2018,full-stack-developer,Experience,ThreeToFive,75,2500,3500,6500,6500,9000,
2018,full-stack-developer,Experience,SixToTen,115,3500,4500,6500,9000,9000,
2018,full-stack-developer,Experience,TenPlus,42,6500,6500,9000,11500,14000,
2018,mobile-developer,All,,112,2500,3500,6500,6500,9000,
2018,mobile-developer,Level,Junior,36,1000,2500,2500,3500,6500,
2018,mobile-developer,Level,Middle,35,3500,3500,4500,6500,9000,
2018,mobile-developer,Level,Senior,41,6500,6500,9000,9000,9000,
2018,mobile-developer,Experience,ZeroToTwo,57,2500,2500,3500,4500,6500,
2018,mobile-developer,Experience,ThreeToFive,26,4500,6500,6500,9000,11500,
2018,mobile-developer,Experience,SixToTen,28,4500,6500,9000,9000,9000,
2018,software-architect,All,,53,4500,9000,9000,14000,15000,P90
2018,software-architect,Level,Senior,41,6500,9000,11500,14000,15000,P90
2018,software-architect,Experience,SixToTen,24,6500,9000,11500,11500,14000,
2018,software-architect,Experience,TenPlus,17,9000,9000,14000,15000,15000,P75|P90
2018,team-lead,All,,102,6500,9000,9000,11500,14000,
2018,team-lead,Level,Senior,90,6500,9000,11500,11500,14000,
2018,team-lead,Experience,SixToTen,40,6500,9000,9000,11500,11500,
2018,team-lead,Experience,TenPlus,55,9000,9000,11500,14000,15000,P90
2019,back-end-developer,All,,277,2500,3500,5500,8500,10500,
2019,back-end-developer,Level,Junior,83,2500,2500,3500,4500,5500,
2019,back-end-developer,Level,Middle,90,3500,4500,5500,7500,7500,
2019,back-end-developer,Level,Senior,104,5500,6500,8500,10500,13500,
2019,back-end-developer,Experience,ZeroToTwo,116,2500,2500,3500,4500,6500,
2019,back-end-developer,Experience,ThreeToFive,52,3500,5500,6500,7500,8500,
2019,back-end-developer,Experience,SixToTen,81,5500,6500,7500,9500,12500,
2019,back-end-developer,Experience,TenPlus,28,6500,7500,9500,11500,13500,
2019,devops-engineer,All,,19,4500,5500,8500,13500,15000,P90
2019,front-end-developer,All,,126,2500,2500,4500,6500,9500,
2019,front-end-developer,Level,Junior,51,2500,2500,2500,4500,5500,
2019,front-end-developer,Level,Middle,48,3500,3500,4500,6500,6500,
2019,front-end-developer,Level,Senior,27,4500,6500,7500,9500,10500,
2019,front-end-developer,Experience,ZeroToTwo,73,2500,2500,3500,4500,6500,
2019,front-end-developer,Experience,ThreeToFive,21,3500,4500,6500,6500,8500,
2019,front-end-developer,Experience,SixToTen,26,4500,5500,6500,8500,10500,
2019,full-stack-developer,All,,425,2500,3500,5500,7500,10500,
2019,full-stack-developer,Level,Junior,105,2500,2500,3500,4500,5500,
2019,full-stack-developer,Level,Middle,160,2500,3500,5500,6500,7500,
2019,full-stack-developer,Level,Senior,160,4500,6500,7500,10500,13500,
2019,full-stack-developer,Experience,ZeroToTwo,148,2500,2500,3500,4500,5500,
2019,full-stack-developer,Experience,ThreeToFive,86,3500,4500,5500,7500,8500,
2019,full-stack-developer,Experience,SixToTen,124,3500,5500,7500,8500,10500,
2019,full-stack-developer,Experience,TenPlus,67,5500,6500,8500,11500,15000,P90
2019,mobile-developer,All,,104,2500,3500,5500,7500,10500,
2019,mobile-developer,Level,Junior,33,2500,2500,3500,4500,4500,
2019,mobile-developer,Level,Middle,48,3500,4500,5500,7500,9500,
2019,mobile-developer,Level,Senior,23,4500,6500,8500,10500,13500,
2019,mobile-developer,Experience,ZeroToTwo,63,2500,2500,4500,5500,6500,
2019,mobile-developer,Experience,ThreeToFive,27,4500,5500,7500,9500,10500,
2019,software-architect,All,,44,3500,6500,10500,13500,15000,P90
2019,software-architect,Level,Senior,36,6500,8500,12500,15000,15000,P75|P90
2019,software-architect,Experience,TenPlus,23,6500,8500,13500,15000,15000,P75|P90
2019,team-lead,All,,81,6500,7500,9500,12500,15000,P90
2019,team-lead,Level,Senior,78,6500,8500,9500,12500,15000,P90
2019,team-lead,Experience,SixToTen,42,6500,7500,8500,10500,12500,
2019,team-lead,Experience,TenPlus,32,8500,10500,12500,15000,15000,P75|P90
2020,back-end-developer,All,,443,3500,4500,7500,9500,13500,
2020,back-end-developer,Level,Junior,113,3500,3500,3500,5500,6500,
2020,back-end-developer,Level,Middle,168,4500,5500,6500,8500,10500,
2020,back-end-developer,Level,Senior,162,6500,8500,10500,13500,16000,
2020,back-end-developer,Experience,ZeroToTwo,183,3500,3500,4500,6500,7500,
2020,back-end-developer,Experience,ThreeToFive,86,4500,5500,7500,8500,10500,
2020,back-end-developer,Experience,SixToTen,135,5500,8500,9500,12500,16000,
2020,back-end-developer,Experience,TenPlus,39,5500,8500,10500,14500,18000,
2020,data-scientist,All,,19,3500,5500,6500,8500,10500,
2020,devops-engineer,All,,33,3500,5500,7500,16000,25000,P90
2020,devops-engineer,Level,Senior,17,7500,9500,16000,25000,25000,P75|P90
2020,devops-engineer,Experience,ZeroToTwo,17,3500,4500,6500,8500,25000,P90
2020,embedded-software-developer,All,,44,3500,4500,5500,8500,9500,
2020,embedded-software-developer,Level,Junior,16,3500,3500,4500,7500,8500,
2020,embedded-software-developer,Level,Middle,21,4500,5500,5500,7500,8500,
2020,embedded-software-developer,Experience,ZeroToTwo,27,3500,4500,5500,7500,8500,
2020,engineering-manager,All,,66,7500,11500,16000,20000,25000,P90
2020,engineering-manager,Level,Senior,59,9500,12500,16000,20000,25000,P90
2020,engineering-manager,Experience,TenPlus,46,11500,13500,18000,22000,25000,P90
2020,front-end-developer,All,,222,3500,4500,6500,8500,11500,
2020,front-end-developer,Level,Junior,73,3500,3500,4500,4500,6500,
2020,front-end-developer,Level,Middle,84,3500,4500,6500,7500,9500,
2020,front-end-developer,Level,Senior,65,5500,7500,9500,13500,18000,
2020,front-end-developer,Experience,ZeroToTwo,107,3500,3500,4500,5500,6500,
2020,front-end-developer,Experience,ThreeToFive,44,3500,4500,7500,8500,10500,
2020,front-end-developer,Experience,SixToTen,54,5500,6500,8500,10500,16000,
2020,front-end-developer,Experience,TenPlus,17,6500,6500,10500,14500,18000,
2020,full-stack-developer,All,,660,3500,4500,6500,8500,12500,
2020,full-stack-developer,Level,Junior,166,3500,3500,4500,5500,6500,
2020,full-stack-developer,Level,Middle,246,3500,4500,6500,7500,9500,
2020,full-stack-developer,Level,Senior,248,5500,7500,9500,12500,16000,
2020,full-stack-developer,Experience,ZeroToTwo,253,3500,3500,4500,5500,7500,
2020,full-stack-developer,Experience,ThreeToFive,135,4500,5500,7500,8500,9500,
2020,full-stack-developer,Experience,SixToTen,184,4500,6500,8500,10500,14500,
2020,full-stack-developer,Experience,TenPlus,88,5500,7500,9500,14500,18000,
2020,mobile-developer,All,,188,3500,4500,7500,10500,12500,
2020,mobile-developer,Level,Junior,57,3500,3500,4500,5500,6500,
2020,mobile-developer,Level,Middle,73,3500,6500,7500,8500,10500,
2020,mobile-developer,Level,Senior,58,7500,9500,10500,12500,14500,
2020,mobile-developer,Experience,ZeroToTwo,104,3500,3500,5500,7500,9500,
2020,mobile-developer,Experience,ThreeToFive,31,5500,7500,8500,10500,11500,
2020,mobile-developer,Experience,SixToTen,49,7500,9500,10500,12500,16000,
2020,software-architect,All,,66,5500,8500,13500,16000,25000,P90
2020,software-architect,Level,Senior,55,7500,11500,14500,16000,25000,P90
2020,software-architect,Experience,SixToTen,17,6500,11500,13500,14500,20000,
2020,software-architect,Experience,TenPlus,36,11500,12500,14500,16000,25000,P90
2020,team-lead,All,,104,6500,8500,11500,14500,18000,
2020,team-lead,Level,Senior,95,8500,9500,11500,14500,18000,
2020,team-lead,Experience,SixToTen,44,6500,8500,11500,13500,16000,
2020,team-lead,Experience,TenPlus,50,8500,9500,13500,16000,18000,
2021,back-end-developer,All,,581,4500,6500,8500,12500,15500,
2021,back-end-developer,Level,Junior,154,3500,4500,5500,6500,8500,
2021,back-end-developer,Level,Middle,228,5500,7500,8500,10500,12500,
2021,back-end-developer,Level,Senior,199,8500,10500,13500,15500,19500,
2021,back-end-developer,Experience,ZeroToTwo,239,3500,4500,6500,7500,10500,
2021,back-end-developer,Experience,ThreeToFive,122,5500,7500,9500,11500,13500,
2021,back-end-developer,Experience,SixToTen,161,8500,9500,12500,14500,16500,
2021,back-end-developer,Experience,TenPlus,59,9500,11500,14500,17500,21500,
2021,cto,All,,21,7500,9500,15500,24500,30000,P90
2021,cto,Level,Senior,20,8500,11500,15500,24500,30000,P90
2021,data-scientist,All,,20,4500,5500,8500,12500,14500,
2021,data-scientist,Experience,ZeroToTwo,15,4500,4500,6500,8500,11500,
2021,devops-engineer,All,,43,5500,8500,11500,15500,20500,
2021,devops-engineer,Level,Junior,17,4500,5500,6500,8500,10500,
2021,devops-engineer,Level,Senior,17,11500,14500,15500,20500,25500,
2021,devops-engineer,Experience,ZeroToTwo,20,4500,5500,7500,9500,12500,
2021,embedded-software-developer,All,,43,4500,6500,8500,11500,15500,
2021,embedded-software-developer,Level,Junior,18,3500,4500,7500,8500,9500,
2021,embedded-software-developer,Experience,ZeroToTwo,26,4500,5500,7500,8500,9500,
2021,engineering-manager,All,,58,9500,12500,17500,22500,27500,
2021,engineering-manager,Level,Senior,52,9500,13500,18500,22500,28500,
2021,engineering-manager,Experience,SixToTen,18,8500,9500,13500,16500,25500,
2021,engineering-manager,Experience,TenPlus,38,12500,15500,19500,22500,27500,
2021,front-end-developer,All,,289,3500,4500,7500,10500,13500,
2021,front-end-developer,Level,Junior,107,3500,3500,4500,5500,7500,
2021,front-end-developer,Level,Middle,107,5500,6500,7500,10500,12500,
2021,front-end-developer,Level,Senior,75,6500,9500,11500,13500,15500,
2021,front-end-developer,Experience,ZeroToTwo,152,3500,3500,5500,6500,9500,
2021,front-end-developer,Experience,ThreeToFive,55,5500,6500,8500,12500,14500,
2021,front-end-developer,Experience,SixToTen,61,6500,7500,10500,13500,15500,
2021,front-end-developer,Experience,TenPlus,21,9500,10500,11500,13500,16500,
2021,full-stack-developer,All,,769,4500,5500,8500,11500,14500,
2021,full-stack-developer,Level,Junior,200,3500,3500,5500,6500,8500,
2021,full-stack-developer,Level,Middle,281,4500,6500,7500,9500,11500,
2021,full-stack-developer,Level,Senior,288,7500,9500,12500,14500,18500,
2021,full-stack-developer,Experience,ZeroToTwo,322,3500,4500,6500,7500,9500,
2021,full-stack-developer,Experience,ThreeToFive,136,5500,7500,9500,10500,12500,
2021,full-stack-developer,Experience,SixToTen,210,6500,7500,11500,14500,16500,
2021,full-stack-developer,Experience,TenPlus,101,6500,9500,11500,16500,20500,
2021,mobile-developer,All,,220,4500,6500,10500,13500,16500,
2021,mobile-developer,Level,Junior,58,3500,3500,4500,6500,6500,
2021,mobile-developer,Level,Middle,80,5500,7500,9500,11500,13500,
2021,mobile-developer,Level,Senior,82,10500,12500,13500,16500,21500,
2021,mobile-developer,Experience,ZeroToTwo,105,3500,4500,6500,8500,11500,
2021,mobile-developer,Experience,ThreeToFive,46,6500,8500,12500,13500,15500,
2021,mobile-developer,Experience,SixToTen,60,10500,11500,13500,16500,20500,
2021,qa-engineer,All,,29,4500,5500,7500,10500,13500,
2021,qa-engineer,Experience,ZeroToTwo,17,4500,4500,5500,7500,8500,
2021,software-architect,All,,62,12500,15500,18500,22500,25500,
2021,software-architect,Level,Senior,56,14500,15500,18500,22500,26500,
2021,software-architect,Experience,SixToTen,24,11500,14500,16500,18500,23500,
2021,software-architect,Experience,TenPlus,35,14500,16500,19500,23500,28500,
2021,team-lead,All,,146,9500,11500,15500,18500,22500,
2021,team-lead,Level,Senior,137,10500,13500,15500,18500,22500,
2021,team-lead,Experience,SixToTen,62,10500,13500,15500,18500,20500,
2021,team-lead,Experience,TenPlus,67,10500,13500,15500,20500,23500,
2022,back-end-developer,All,,1142,6500,9500,14500,20500,25500,
2022,back-end-developer,Level,Junior,305,5500,6500,8500,10500,14500,
2022,back-end-developer,Level,Middle,419,8500,10500,13500,17500,21500,
2022,back-end-developer,Level,Senior,418,14500,17500,20500,25500,30500,
2022,back-end-developer,Experience,ZeroToTwo,468,5500,7500,9500,12500,16500,
2022,back-end-developer,Experience,ThreeToFive,233,9500,12500,15500,18500,22500,
2022,back-end-developer,Experience,SixToTen,302,12500,16500,20500,23500,29500,
2022,back-end-developer,Experience,TenPlus,139,13500,17500,20500,27500,30500,
2022,cto,All,,38,20500,24500,37500,40500,47500,
2022,cto,Level,Senior,37,20500,25500,37500,40500,47500,
2022,cto,Experience,TenPlus,34,21500,25500,37500,41500,50000,P90
2022,data-analyst,All,,15,7500,9500,10500,20500,32500,
2022,data-scientist,All,,109,6500,8500,12500,18500,25500,
2022,data-scientist,Level,Junior,42,5500,6500,8500,9500,11500,
2022,data-scientist,Level,Middle,40,10500,12500,15500,18500,22500,
2022,data-scientist,Level,Senior,27,12500,17500,20500,25500,30500,
2022,data-scientist,Experience,ZeroToTwo,66,6500,7500,9500,13500,19500,
2022,data-scientist,Experience,ThreeToFive,20,12500,14500,16500,17500,19500,
2022,data-scientist,Experience,SixToTen,16,17500,18500,24500,26500,36500,
2022,devops-engineer,All,,83,6500,10500,14500,20500,25500,
2022,devops-engineer,Level,Junior,33,5500,6500,10500,11500,14500,
2022,devops-engineer,Level,Middle,25,9500,11500,16500,19500,25500,
2022,devops-engineer,Level,Senior,25,14500,17500,22500,25500,33500,
2022,devops-engineer,Experience,ZeroToTwo,42,5500,7500,10500,13500,17500,
2022,devops-engineer,Experience,ThreeToFive,15,9500,14500,16500,20500,24500,
2022,devops-engineer,Experience,SixToTen,20,14500,20500,23500,32500,33500,
2022,embedded-software-developer,All,,108,6500,9500,13500,18500,23500,
2022,embedded-software-developer,Level,Junior,41,5500,6500,9500,11500,15500,
2022,embedded-software-developer,Level,Middle,36,8500,11500,14500,16500,18500,
2022,embedded-software-developer,Level,Senior,31,15500,18500,20500,26500,33500,
2022,embedded-software-developer,Experience,ZeroToTwo,57,5500,6500,10500,12500,15500,
2022,embedded-software-developer,Experience,ThreeToFive,19,11500,12500,15500,18500,20500,
2022,embedded-software-developer,Experience,SixToTen,19,15500,18500,19500,21500,24500,
2022,engineering-manager,All,,135,15500,21500,28500,37500,49500,
2022,engineering-manager,Level,Senior,123,18500,22500,29500,36500,49500,
2022,engineering-manager,Experience,SixToTen,27,17500,20500,23500,34500,42500,
2022,engineering-manager,Experience,TenPlus,101,19500,23500,30500,39500,50000,P90
2022,front-end-developer,All,,499,5500,7500,11500,17500,22500,
2022,front-end-developer,Level,Junior,197,5500,6500,7500,9500,13500,
2022,front-end-developer,Level,Middle,181,7500,9500,13500,16500,20500,
2022,front-end-developer,Level,Senior,121,12500,15500,20500,23500,28500,
2022,front-end-developer,Experience,ZeroToTwo,279,5500,6500,8500,11500,15500,
2022,front-end-developer,Experience,ThreeToFive,88,8500,13500,16500,19500,22500,
2022,front-end-developer,Experience,SixToTen,89,8500,13500,18500,21500,27500,
2022,front-end-developer,Experience,TenPlus,43,11500,15500,20500,28500,35500,
2022,full-stack-developer,All,,1291,6500,9500,13500,18500,24500,
2022,full-stack-developer,Level,Junior,299,5500,6500,8500,10500,12500,
2022,full-stack-developer,Level,Middle,479,7500,10500,12500,15500,20500,
2022,full-stack-developer,Level,Senior,513,11500,15500,19500,23500,28500,
2022,full-stack-developer,Experience,ZeroToTwo,457,5500,7500,9500,11500,15500,
2022,full-stack-developer,Experience,ThreeToFive,267,8500,11500,14500,17500,20500,
2022,full-stack-developer,Experience,SixToTen,373,10500,13500,17500,22500,25500,
2022,full-stack-developer,Experience,TenPlus,194,10500,14500,19500,24500,30500,
2022,game-developer,All,,75,6500,8500,10500,19500,35500,
2022,game-developer,Level,Junior,32,6500,7500,8500,11500,13500,
2022,game-developer,Level,Middle,25,7500,9500,12500,18500,23500,
2022,game-developer,Level,Senior,18,10500,10500,26500,47500,50000,P90
2022,game-developer,Experience,ZeroToTwo,47,6500,7500,10500,13500,18500,
2022,game-developer,Experience,ThreeToFive,17,9500,10500,14500,25500,26500,
2022,mobile-developer,All,,401,6500,8500,13500,20500,27500,
2022,mobile-developer,Level,Junior,154,5500,6500,8500,10500,12500,
2022,mobile-developer,Level,Middle,136,9500,12500,14500,17500,20500,
2022,mobile-developer,Level,Senior,111,17500,20500,24500,28500,33500,
2022,mobile-developer,Experience,ZeroToTwo,232,5500,7500,10500,13500,15500,
2022,mobile-developer,Experience,ThreeToFive,82,9500,13500,17500,21500,25500,
2022,mobile-developer,Experience,SixToTen,69,16500,19500,24500,28500,31500,
2022,mobile-developer,Experience,TenPlus,18,19500,20500,24500,33500,45500,
2022,qa-engineer,All,,83,5500,7500,11500,15500,19500,
2022,qa-engineer,Level,Junior,42,5500,6500,7500,11500,14500,
2022,qa-engineer,Level,Middle,33,8500,11500,15500,19500,21500,
2022,qa-engineer,Experience,ZeroToTwo,54,5500,6500,8500,14500,17500,
2022,qa-engineer,Experience,ThreeToFive,19,7500,10500,14500,18500,20500,
2022,sap-erp-developer,All,,18,6500,6500,10500,11500,15500,
2022,software-architect,All,,109,11500,20500,26500,32500,38500,
2022,software-architect,Level,Senior,97,18500,22500,27500,32500,40500,
2022,software-architect,Experience,SixToTen,33,11500,19500,25500,28500,35500,
2022,software-architect,Experience,TenPlus,65,18500,23500,29500,34500,41500,
2022,team-lead,All,,248,14500,19500,25500,31500,39500,
2022,team-lead,Level,Senior,231,15500,20500,25500,32500,40500,
2022,team-lead,Experience,ThreeToFive,18,14500,16500,20500,22500,30500,
2022,team-lead,Experience,SixToTen,84,14500,18500,24500,29500,37500,
2022,team-lead,Experience,TenPlus,135,15500,21500,27500,35500,41500,
2023,back-end-developer,All,,1834,15500,20500,30500,40500,50500,
2023,back-end-developer,Level,Junior,472,11500,14500,18500,22500,26500,
2023,back-end-developer,Level,Middle,626,18500,22500,28500,35500,42500,
2023,back-end-developer,Level,Senior,736,27500,34500,41500,49500,60500,
2023,back-end-developer,Experience,ZeroToTwo,721,12500,15500,20500,25500,31500,
2023,back-end-developer,Experience,ThreeToFive,368,20500,25500,31500,39500,46500,
2023,back-end-developer,Experience,SixToTen,494,25500,33500,40500,47500,55500,
2023,back-end-developer,Experience,TenPlus,251,25500,33500,40500,54500,64500,
2023,business-analyst,All,,44,15500,18500,25500,35500,42500,
2023,business-analyst,Level,Junior,15,12500,15500,16500,20500,23500,
2023,business-analyst,Level,Senior,15,24500,32500,40500,42500,58500,
2023,business-analyst,Experience,ZeroToTwo,21,12500,15500,18500,23500,35500,
2023,cto,All,,69,31500,40500,60500,107500,132500,
2023,cto,Level,Senior,66,31500,40500,60500,92500,142500,
2023,cto,Experience,TenPlus,62,33500,40500,60500,112500,142500,
2023,data-analyst,All,,74,12500,16500,23500,30500,41500,
2023,data-analyst,Level,Junior,20,10500,12500,17500,18500,20500,
2023,data-analyst,Level,Middle,36,15500,16500,24500,30500,36500,
2023,data-analyst,Level,Senior,18,23500,27500,31500,41500,45500,
2023,data-analyst,Experience,ZeroToTwo,41,12500,15500,17500,24500,26500,
2023,data-engineer,All,,32,13500,16500,28500,43500,50500,
2023,data-engineer,Experience,ZeroToTwo,20,13500,15500,16500,28500,32500,
2023,data-scientist,All,,143,15500,19500,27500,37500,50500,
2023,data-scientist,Level,Junior,53,11500,16500,19500,22500,24500,
2023,data-scientist,Level,Middle,53,19500,23500,31500,35500,41500,
2023,data-scientist,Level,Senior,37,29500,35500,40500,50500,56500,
2023,data-scientist,Experience,ZeroToTwo,76,13500,17500,20500,26500,32500,
2023,data-scientist,Experience,ThreeToFive,39,21500,30500,33500,40500,51500,
2023,data-scientist,Experience,SixToTen,23,20500,38500,41500,50500,56500,
2023,database-administrator,All,,46,16500,22500,35500,50500,62500,
2023,database-administrator,Level,Senior,24,23500,35500,50500,57500,77500,
2023,database-administrator,Experience,ZeroToTwo,15,12500,17500,20500,30500,40500,
2023,devops-engineer,All,,147,15500,22500,30500,45500,55500,
2023,devops-engineer,Level,Junior,50,12500,15500,19500,23500,27500,
2023,devops-engineer,Level,Middle,48,16500,24500,31500,40500,47500,
2023,devops-engineer,Level,Senior,49,33500,38500,45500,55500,70500,
2023,devops-engineer,Experience,ZeroToTwo,69,12500,16500,21500,25500,30500,
2023,devops-engineer,Experience,ThreeToFive,24,24500,31500,37500,45500,50500,
2023,devops-engineer,Experience,SixToTen,33,25500,32500,44500,52500,57500,
2023,devops-engineer,Experience,TenPlus,21,34500,45500,50500,56500,70500,
2023,embedded-software-developer,All,,246,16500,22500,29500,40500,48500,
2023,embedded-software-developer,Level,Junior,72,13500,18500,21500,25500,31500,
2023,embedded-software-developer,Level,Middle,103,17500,22500,28500,32500,40500,
2023,embedded-software-developer,Level,Senior,71,31500,36500,44500,53500,59500,
2023,embedded-software-developer,Experience,ZeroToTwo,120,14500,18500,23500,27500,31500,
2023,embedded-software-developer,Experience,ThreeToFive,50,20500,27500,32500,39500,42500,
2023,embedded-software-developer,Experience,SixToTen,56,27500,32500,40500,47500,57500,
2023,embedded-software-developer,Experience,TenPlus,20,22500,41500,53500,57500,70500,
2023,engineering-manager,All,,186,37500,48500,60500,77500,92500,
2023,engineering-manager,Level,Senior,174,40500,50500,60500,77500,92500,
2023,engineering-manager,Experience,SixToTen,28,32500,40500,48500,64500,82500,
2023,engineering-manager,Experience,TenPlus,150,40500,52500,65500,82500,92500,
2023,front-end-developer,All,,739,11500,15500,22500,34500,45500,
2023,front-end-developer,Level,Junior,293,9500,12500,15500,19500,24500,
2023,front-end-developer,Level,Middle,265,15500,20500,25500,32500,38500,
2023,front-end-developer,Level,Senior,181,25500,33500,40500,50500,60500,
2023,front-end-developer,Experience,ZeroToTwo,429,10500,13500,17500,22500,29500,
2023,front-end-developer,Experience,ThreeToFive,126,16500,24500,31500,36500,44500,
2023,front-end-developer,Experience,SixToTen,132,22500,30500,40500,50500,55500,
2023,front-end-developer,Experience,TenPlus,52,18500,24500,36500,48500,65500,
2023,full-stack-developer,All,,2039,14500,19500,27500,39500,49500,
2023,full-stack-developer,Level,Junior,520,10500,13500,16500,21500,25500,
2023,full-stack-developer,Level,Middle,692,15500,20500,25500,33500,40500,
2023,full-stack-developer,Level,Senior,827,23500,31500,40500,48500,56500,
2023,full-stack-developer,Experience,ZeroToTwo,784,11500,14500,19500,24500,29500,
2023,full-stack-developer,Experience,ThreeToFive,384,15500,21500,28500,35500,40500,
2023,full-stack-developer,Experience,SixToTen,529,22500,30500,38500,45500,53500,
2023,full-stack-developer,Experience,TenPlus,342,22500,29500,40500,52500,65500,
2023,game-developer,All,,127,11500,18500,21500,30500,41500,
2023,game-developer,Level,Junior,34,9500,10500,15500,20500,25500,
2023,game-developer,Level,Middle,54,16500,19500,22500,27500,31500,
2023,game-developer,Level,Senior,39,20500,30500,35500,50500,60500,
2023,game-developer,Experience,ZeroToTwo,75,10500,15500,19500,23500,30500,
2023,game-developer,Experience,ThreeToFive,26,20500,20500,27500,30500,35500,
2023,game-developer,Experience,SixToTen,15,30500,32500,40500,52500,87500,
2023,mobile-developer,All,,682,15500,20500,30500,44500,57500,
2023,mobile-developer,Level,Junior,201,11500,14500,18500,22500,25500,
2023,mobile-developer,Level,Middle,249,18500,24500,30500,35500,41500,
2023,mobile-developer,Level,Senior,232,32500,40500,50500,60500,69500,
2023,mobile-developer,Experience,ZeroToTwo,348,13500,16500,21500,27500,34500,
2023,mobile-developer,Experience,ThreeToFive,147,23500,30500,37500,43500,50500,
2023,mobile-developer,Experience,SixToTen,150,32500,40500,50500,60500,70500,
2023,mobile-developer,Experience,TenPlus,37,40500,44500,54500,65500,66500,
2023,product-manager,All,,121,18500,25500,35500,50500,60500,
2023,product-manager,Level,Junior,16,13500,14500,18500,19500,28500,
2023,product-manager,Level,Middle,37,18500,24500,27500,33500,40500,
2023,product-manager,Level,Senior,68,31500,38500,48500,53500,66500,
2023,product-manager,Experience,ZeroToTwo,28,14500,16500,22500,27500,32500,
2023,product-manager,Experience,ThreeToFive,25,17500,22500,27500,33500,40500,
2023,product-manager,Experience,SixToTen,32,29500,33500,46500,51500,61500,
2023,product-manager,Experience,TenPlus,36,35500,46500,50500,55500,74500,
2023,project-manager,All,,81,20500,25500,34500,50500,65500,
2023,project-manager,Level,Middle,19,20500,22500,25500,30500,32500,
2023,project-manager,Level,Senior,55,23500,31500,42500,55500,73500,
2023,project-manager,Experience,SixToTen,18,23500,25500,45500,55500,69500,
2023,project-manager,Experience,TenPlus,44,23500,30500,39500,50500,70500,
2023,qa-engineer,All,,239,12500,15500,21500,30500,40500,
2023,qa-engineer,Level,Junior,92,10500,12500,15500,18500,24500,
2023,qa-engineer,Level,Middle,89,15500,17500,23500,30500,35500,
2023,qa-engineer,Level,Senior,58,22500,26500,34500,41500,48500,
2023,qa-engineer,Experience,ZeroToTwo,136,11500,13500,16500,21500,28500,
2023,qa-engineer,Experience,ThreeToFive,52,18500,22500,28500,33500,43500,
2023,qa-engineer,Experience,SixToTen,40,21500,26500,36500,40500,44500,
2023,sap-erp-developer,All,,53,14500,16500,28500,41500,50500,
2023,sap-erp-developer,Level,Senior,27,28500,34500,41500,50500,59500,
2023,sap-erp-developer,Experience,ZeroToTwo,24,9500,14500,15500,19500,24500,
2023,sap-erp-developer,Experience,SixToTen,15,30500,36500,41500,45500,50500,
2023,software-architect,All,,159,35500,48500,60500,70500,82500,
2023,software-architect,Level,Senior,151,40500,50500,60500,70500,82500,
2023,software-architect,Experience,SixToTen,27,35500,45500,54500,62500,70500,
2023,software-architect,Experience,TenPlus,123,41500,54500,60500,71500,82500,
2023,software-director,All,,58,38500,60500,77500,102500,122500,
2023,software-director,Level,Senior,56,40500,60500,77500,102500,127500,
2023,software-director,Experience,TenPlus,53,41500,64500,82500,102500,127500,
2023,system-engineer,All,,22,12500,15500,32500,48500,50500,
2023,team-lead,All,,431,31500,40500,50500,60500,73500,
2023,team-lead,Level,Middle,21,20500,26500,32500,46500,60500,
2023,team-lead,Level,Senior,407,33500,41500,50500,60500,73500,
2023,team-lead,Experience,ThreeToFive,24,24500,29500,40500,45500,52500,
2023,team-lead,Experience,SixToTen,169,30500,38500,46500,55500,66500,
2023,team-lead,Experience,TenPlus,232,37500,45500,54500,65500,82500,
2024,back-end-developer,All,,1320,34500,45500,64500,87500,102500,
2024,back-end-developer,Level,Junior,249,23500,29500,36500,44500,52500,
2024,back-end-developer,Level,Middle,468,37500,45500,55500,69500,82500,
2024,back-end-developer,Level,Senior,603,60500,71500,87500,102500,122500,
2024,back-end-developer,Experience,ZeroToTwo,431,25500,32500,42500,50500,60500,
2024,back-end-developer,Experience,ThreeToFive,287,43500,50500,61500,74500,87500,
2024,back-end-developer,Experience,SixToTen,412,58500,70500,82500,97500,117500,
2024,back-end-developer,Experience,TenPlus,190,60500,74500,92500,112500,127500,
2024,business-analyst,All,,47,29500,39500,52500,70500,97500,
2024,business-analyst,Level,Middle,21,30500,41500,52500,70500,87500,
2024,business-analyst,Experience,ZeroToTwo,20,25500,35500,42500,52500,52500,
2024,cto,All,,39,82500,97500,137500,200000,200000,
2024,cto,Level,Senior,39,82500,97500,137500,200000,200000,
2024,cto,Experience,TenPlus,33,82500,107500,152500,200000,200000,
2024,data-analyst,All,,58,25500,34500,47500,71500,97500,
2024,data-analyst,Level,Junior,20,21500,22500,32500,38500,44500,
2024,data-analyst,Level,Middle,20,35500,43500,47500,56500,77500,
2024,data-analyst,Level,Senior,18,60500,65500,92500,107500,122500,
2024,data-analyst,Experience,ZeroToTwo,27,21500,26500,34500,44500,50500,
2024,data-engineer,All,,18,43500,45500,65500,102500,102500,
2024,data-scientist,All,,94,32500,43500,59500,82500,92500,
2024,data-scientist,Level,Junior,31,30500,32500,41500,48500,62500,
2024,data-scientist,Level,Middle,33,35500,45500,56500,71500,87500,
2024,data-scientist,Level,Senior,30,65500,72500,82500,92500,112500,
2024,data-scientist,Experience,ZeroToTwo,43,30500,35500,44500,53500,64500,
2024,data-scientist,Experience,ThreeToFive,26,37500,50500,70500,82500,87500,
2024,data-scientist,Experience,SixToTen,22,60500,70500,82500,92500,102500,
2024,database-administrator,All,,41,32500,50500,74500,107500,137500,
2024,database-administrator,Level,Senior,21,62500,87500,102500,122500,152500,
2024,database-administrator,Experience,TenPlus,15,60500,97500,112500,142500,177500,
2024,devops-engineer,All,,97,33500,47500,60500,87500,112500,
2024,devops-engineer,Level,Junior,19,22500,30500,34500,50500,60500,
2024,devops-engineer,Level,Middle,44,42500,48500,59500,66500,82500,
2024,devops-engineer,Level,Senior,34,59500,70500,97500,122500,152500,
2024,devops-engineer,Experience,ZeroToTwo,43,28500,36500,48500,60500,67500,
2024,devops-engineer,Experience,ThreeToFive,16,41500,47500,60500,70500,87500,
2024,devops-engineer,Experience,SixToTen,22,55500,60500,77500,97500,102500,
2024,devops-engineer,Experience,TenPlus,16,70500,87500,122500,152500,167500,
2024,embedded-software-developer,All,,153,39500,48500,62500,82500,97500,
2024,embedded-software-developer,Level,Junior,47,33500,39500,48500,56500,64500,
2024,embedded-software-developer,Level,Middle,61,42500,50500,60500,77500,87500,
2024,embedded-software-developer,Level,Senior,45,64500,77500,87500,97500,112500,
2024,embedded-software-developer,Experience,ZeroToTwo,74,34500,40500,50500,59500,65500,
2024,embedded-software-developer,Experience,ThreeToFive,22,42500,47500,64500,77500,87500,
2024,embedded-software-developer,Experience,SixToTen,51,63500,77500,82500,97500,112500,
2024,engineering-manager,All,,144,70500,102500,122500,147500,182500,
2024,engineering-manager,Level,Senior,135,77500,102500,127500,152500,182500,
2024,engineering-manager,Experience,SixToTen,20,66500,77500,107500,122500,142500,
2024,engineering-manager,Experience,TenPlus,119,82500,102500,132500,152500,187500,
2024,front-end-developer,All,,530,27500,35500,50500,70500,87500,
2024,front-end-developer,Level,Junior,145,20500,25500,30500,40500,50500,
2024,front-end-developer,Level,Middle,212,32500,38500,49500,60500,72500,
2024,front-end-developer,Level,Senior,173,55500,65500,77500,92500,117500,
2024,front-end-developer,Experience,ZeroToTwo,231,21500,28500,35500,45500,57500,
2024,front-end-developer,Experience,ThreeToFive,138,37500,44500,57500,70500,82500,
2024,front-end-developer,Experience,SixToTen,114,51500,61500,77500,92500,112500,
2024,front-end-developer,Experience,TenPlus,47,50500,69500,77500,97500,127500,
2024,full-stack-developer,All,,1309,30500,40500,58500,82500,102500,
2024,full-stack-developer,Level,Junior,275,21500,27500,35500,45500,53500,
2024,full-stack-developer,Level,Middle,440,32500,40500,50500,62500,77500,
2024,full-stack-developer,Level,Senior,594,50500,63500,77500,97500,122500,
2024,full-stack-developer,Experience,ZeroToTwo,428,24500,30500,38500,49500,60500,
2024,full-stack-developer,Experience,ThreeToFive,275,37500,45500,59500,70500,82500,
2024,full-stack-developer,Experience,SixToTen,350,43500,59500,77500,92500,107500,
2024,full-stack-developer,Experience,TenPlus,256,49500,60500,82500,107500,137500,
2024,game-developer,All,,76,28500,34500,45500,56500,92500,
2024,game-developer,Level,Junior,19,21500,28500,32500,37500,42500,
2024,game-developer,Level,Middle,43,31500,37500,45500,55500,60500,
2024,game-developer,Experience,ZeroToTwo,36,24500,30500,37500,45500,57500,
2024,game-developer,Experience,ThreeToFive,30,32500,40500,48500,58500,64500,
2024,mobile-developer,All,,442,33500,45500,65500,92500,117500,
2024,mobile-developer,Level,Junior,84,22500,28500,35500,45500,58500,
2024,mobile-developer,Level,Middle,173,35500,45500,55500,67500,77500,
2024,mobile-developer,Level,Senior,185,68500,77500,97500,117500,137500,
2024,mobile-developer,Experience,ZeroToTwo,166,25500,33500,44500,55500,65500,
2024,mobile-developer,Experience,ThreeToFive,113,45500,55500,69500,77500,92500,
2024,mobile-developer,Experience,SixToTen,116,69500,77500,92500,112500,127500,
2024,mobile-developer,Experience,TenPlus,47,65500,97500,112500,137500,157500,
2024,product-manager,All,,118,35500,50500,77500,102500,132500,
2024,product-manager,Level,Middle,29,27500,38500,48500,60500,64500,
2024,product-manager,Level,Senior,81,63500,77500,92500,117500,142500,
2024,product-manager,Experience,ZeroToTwo,25,24500,30500,41500,45500,51500,
2024,product-manager,Experience,ThreeToFive,17,40500,50500,60500,73500,82500,
2024,product-manager,Experience,SixToTen,37,65500,77500,87500,97500,122500,
2024,product-manager,Experience,TenPlus,39,63500,82500,107500,132500,142500,
2024,project-manager,All,,79,40500,53500,67500,102500,117500,
2024,project-manager,Level,Middle,20,39500,42500,55500,65500,77500,
2024,project-manager,Level,Senior,53,53500,62500,82500,107500,137500,
2024,project-manager,Experience,SixToTen,17,58500,63500,77500,92500,107500,
2024,project-manager,Experience,TenPlus,38,58500,63500,87500,107500,137500,
2024,qa-engineer,All,,162,27500,35500,48500,62500,87500,
2024,qa-engineer,Level,Junior,41,22500,25500,30500,35500,56500,
2024,qa-engineer,Level,Middle,83,33500,40500,46500,58500,65500,
2024,qa-engineer,Level,Senior,38,52500,58500,72500,97500,107500,
2024,qa-engineer,Experience,ZeroToTwo,79,25500,30500,36500,45500,56500,
2024,qa-engineer,Experience,ThreeToFive,46,39500,43500,55500,60500,70500,
2024,qa-engineer,Experience,SixToTen,30,49500,55500,70500,87500,97500,
2024,sap-erp-developer,All,,40,22500,30500,48500,62500,87500,
2024,sap-erp-developer,Level,Middle,16,34500,37500,50500,50500,59500,
2024,sap-erp-developer,Experience,ZeroToTwo,22,20500,24500,31500,48500,50500,
2024,software-architect,All,,125,77500,97500,117500,142500,152500,
2024,software-architect,Level,Senior,114,82500,102500,122500,142500,157500,
2024,software-architect,Experience,SixToTen,24,87500,97500,112500,132500,152500,
2024,software-architect,Experience,TenPlus,94,87500,102500,122500,147500,157500,
2024,software-director,All,,28,87500,122500,152500,200000,200000,
2024,software-director,Level,Senior,27,87500,132500,152500,200000,200000,
2024,software-director,Experience,TenPlus,27,87500,122500,152500,200000,200000,
2024,system-engineer,All,,19,28500,32500,45500,71500,87500,
2024,team-lead,All,,348,65500,82500,102500,122500,152500,
2024,team-lead,Level,Middle,20,30500,50500,60500,77500,117500,
2024,team-lead,Level,Senior,325,69500,82500,102500,127500,152500,
2024,team-lead,Experience,ThreeToFive,22,53500,74500,87500,97500,122500,
2024,team-lead,Experience,SixToTen,143,68500,82500,102500,117500,137500,
2024,team-lead,Experience,TenPlus,176,69500,87500,107500,132500,152500,
2025,ai-engineer,All,,19,27500,40500,60500,82500,97500,
2025,ai-engineer,Experience,ZeroToTwo,17,27500,40500,60500,77500,82500,
2025,back-end-developer,All,,1752,50500,70500,102500,132500,162500,
2025,back-end-developer,Level,Junior,252,30500,40500,50500,62500,82500,
2025,back-end-developer,Level,Middle,612,54500,65500,82500,102500,127500,
2025,back-end-developer,Level,Senior,888,87500,107500,127500,152500,182500,
2025,back-end-developer,Experience,ZeroToTwo,419,34500,44500,57500,77500,92500,
2025,back-end-developer,Experience,ThreeToFive,440,60500,70500,87500,107500,132500,
2025,back-end-developer,Experience,SixToTen,609,82500,102500,122500,142500,172500,
2025,back-end-developer,Experience,TenPlus,284,87500,112500,137500,167500,192500,
2025,business-analyst,All,,261,50500,64500,87500,117500,152500,
2025,business-analyst,Level,Junior,42,37500,44500,58500,68500,77500,
2025,business-analyst,Level,Middle,99,54500,62500,73500,92500,102500,
2025,business-analyst,Level,Senior,120,73500,97500,117500,147500,172500,
2025,business-analyst,Experience,ZeroToTwo,71,40500,51500,62500,71500,82500,
2025,business-analyst,Experience,ThreeToFive,65,50500,64500,77500,102500,112500,
2025,business-analyst,Experience,SixToTen,92,70500,87500,112500,127500,157500,
2025,business-analyst,Experience,TenPlus,33,87500,107500,142500,167500,172500,
2025,cto,All,,60,107500,152500,182500,235000,300000,
2025,cto,Level,Senior,60,107500,152500,182500,235000,300000,
2025,cto,Experience,TenPlus,52,117500,162500,192500,255000,300000,
2025,cyber-security,All,,29,54500,69500,97500,142500,167500,
2025,data-analyst,All,,111,44500,55500,77500,112500,142500,
2025,data-analyst,Level,Junior,33,36500,40500,50500,65500,77500,
2025,data-analyst,Level,Middle,41,48500,60500,70500,92500,117500,
2025,data-analyst,Level,Senior,37,77500,97500,122500,147500,162500,
2025,data-analyst,Experience,ZeroToTwo,40,36500,44500,53500,64500,77500,
2025,data-analyst,Experience,ThreeToFive,31,48500,61500,77500,102500,112500,
2025,data-analyst,Experience,SixToTen,27,70500,97500,127500,142500,147500,
2025,data-engineer,All,,43,50500,82500,112500,142500,205000,
2025,data-engineer,Level,Senior,18,102500,112500,147500,182500,205000,
2025,data-engineer,Experience,ZeroToTwo,15,36500,50500,73500,87500,112500,
2025,data-scientist,All,,177,50500,67500,92500,132500,167500,
2025,data-scientist,Level,Junior,43,35500,50500,60500,77500,102500,
2025,data-scientist,Level,Middle,74,51500,69500,87500,102500,122500,
2025,data-scientist,Level,Senior,60,97500,117500,142500,167500,205000,
2025,data-scientist,Experience,ZeroToTwo,70,44500,50500,65500,82500,97500,
2025,data-scientist,Experience,ThreeToFive,55,66500,82500,102500,117500,162500,
2025,data-scientist,Experience,SixToTen,46,102500,117500,137500,167500,205000,
2025,database-administrator,All,,70,45500,58500,102500,152500,205000,
2025,database-administrator,Level,Middle,24,55500,60500,74500,77500,122500,
2025,database-administrator,Level,Senior,32,117500,137500,152500,197500,255000,
2025,database-administrator,Experience,ZeroToTwo,25,25500,45500,55500,65500,77500,
2025,database-administrator,Experience,SixToTen,17,77500,77500,122500,152500,152500,
2025,database-administrator,Experience,TenPlus,17,147500,157500,192500,225000,255000,
2025,devops-engineer,All,,211,50500,70500,97500,122500,167500,
2025,devops-engineer,Level,Junior,41,40500,44500,54500,63500,107500,
2025,devops-engineer,Level,Middle,93,60500,72500,92500,102500,122500,
2025,devops-engineer,Level,Senior,77,92500,107500,127500,167500,197500,
2025,devops-engineer,Experience,ZeroToTwo,78,42500,50500,67500,92500,107500,
2025,devops-engineer,Experience,ThreeToFive,58,72500,87500,102500,117500,132500,
2025,devops-engineer,Experience,SixToTen,44,82500,102500,117500,137500,197500,
2025,devops-engineer,Experience,TenPlus,31,92500,112500,147500,182500,215000,
2025,embedded-software-developer,All,,232,50500,70500,92500,112500,147500,
2025,embedded-software-developer,Level,Junior,45,32500,45500,55500,70500,87500,
2025,embedded-software-developer,Level,Middle,102,59500,71500,82500,97500,112500,
2025,embedded-software-developer,Level,Senior,85,92500,102500,122500,152500,172500,
2025,embedded-software-developer,Experience,ZeroToTwo,69,39500,49500,60500,77500,87500,
2025,embedded-software-developer,Experience,ThreeToFive,73,68500,77500,92500,107500,117500,
2025,embedded-software-developer,Experience,SixToTen,71,82500,97500,117500,142500,162500,
2025,embedded-software-developer,Experience,TenPlus,19,107500,117500,137500,172500,215000,
2025,engineering-manager,All,,211,112500,147500,182500,225000,275000,
2025,engineering-manager,Level,Senior,195,122500,152500,182500,225000,275000,
2025,engineering-manager,Experience,SixToTen,28,72500,122500,152500,182500,197500,
2025,engineering-manager,Experience,TenPlus,176,132500,162500,192500,235000,285000,
2025,front-end-developer,All,,747,41500,57500,77500,107500,137500,
2025,front-end-developer,Level,Junior,131,25500,34500,46500,58500,68500,
2025,front-end-developer,Level,Middle,328,45500,57500,70500,82500,97500,
2025,front-end-developer,Level,Senior,288,77500,92500,112500,137500,162500,
2025,front-end-developer,Experience,ZeroToTwo,213,30500,39500,50500,63500,77500,
2025,front-end-developer,Experience,ThreeToFive,249,51500,62500,77500,92500,102500,
2025,front-end-developer,Experience,SixToTen,197,70500,87500,107500,127500,157500,
2025,front-end-developer,Experience,TenPlus,88,70500,92500,117500,147500,182500,
2025,full-stack-developer,All,,1753,44500,60500,87500,122500,152500,
2025,full-stack-developer,Level,Junior,321,30500,38500,50500,65500,87500,
2025,full-stack-developer,Level,Middle,636,47500,57500,73500,92500,107500,
2025,full-stack-developer,Level,Senior,796,74500,97500,122500,147500,182500,
2025,full-stack-developer,Experience,ZeroToTwo,489,31500,40500,55500,70500,87500,
2025,full-stack-developer,Experience,ThreeToFive,432,52500,62500,82500,97500,117500,
2025,full-stack-developer,Experience,SixToTen,517,70500,87500,112500,142500,162500,
2025,full-stack-developer,Experience,TenPlus,315,65500,97500,122500,162500,197500,
2025,game-developer,All,,116,31500,50500,63500,87500,132500,
2025,game-developer,Level,Junior,29,28500,31500,45500,57500,65500,
2025,game-developer,Level,Middle,51,45500,50500,58500,77500,122500,
2025,game-developer,Level,Senior,36,65500,74500,92500,112500,182500,
2025,game-developer,Experience,ZeroToTwo,39,30500,32500,45500,60500,82500,
2025,game-developer,Experience,ThreeToFive,52,47500,54500,67500,77500,112500,
2025,game-developer,Experience,SixToTen,18,60500,77500,102500,122500,132500,
2025,mobile-developer,All,,680,42500,65500,102500,137500,182500,
2025,mobile-developer,Level,Junior,106,25500,35500,45500,60500,77500,
2025,mobile-developer,Level,Middle,253,44500,60500,82500,102500,122500,
2025,mobile-developer,Level,Senior,321,92500,112500,137500,177500,205000,
2025,mobile-developer,Experience,ZeroToTwo,192,30500,40500,54500,70500,87500,
2025,mobile-developer,Experience,ThreeToFive,198,60500,74500,92500,112500,132500,
2025,mobile-developer,Experience,SixToTen,208,87500,112500,132500,172500,197500,
2025,mobile-developer,Experience,TenPlus,82,122500,137500,172500,205000,255000,
2025,product-manager,All,,191,59500,77500,107500,152500,205000,
2025,product-manager,Level,Junior,20,30500,43500,55500,64500,70500,
2025,product-manager,Level,Middle,49,57500,71500,82500,97500,127500,
2025,product-manager,Level,Senior,122,82500,102500,147500,187500,225000,
2025,product-manager,Experience,ZeroToTwo,26,30500,42500,55500,71500,82500,
2025,product-manager,Experience,ThreeToFive,40,60500,65500,82500,97500,122500,
2025,product-manager,Experience,SixToTen,57,77500,92500,107500,137500,157500,
2025,product-manager,Experience,TenPlus,68,97500,132500,162500,205000,245000,
2025,project-manager,All,,119,50500,70500,97500,137500,182500,
2025,project-manager,Level,Junior,15,38500,42500,50500,55500,77500,
2025,project-manager,Level,Middle,33,50500,60500,73500,92500,112500,
2025,project-manager,Level,Senior,71,82500,102500,122500,167500,197500,
2025,project-manager,Experience,ZeroToTwo,16,40500,42500,54500,55500,72500,
2025,project-manager,Experience,ThreeToFive,23,40500,55500,73500,87500,102500,
2025,project-manager,Experience,SixToTen,26,77500,77500,92500,117500,137500,
2025,project-manager,Experience,TenPlus,54,82500,107500,142500,182500,225000,
2025,qa-engineer,All,,356,42500,56500,77500,97500,117500,
2025,qa-engineer,Level,Junior,65,30500,35500,46500,60500,82500,
2025,qa-engineer,Level,Middle,164,45500,56500,69500,87500,107500,
2025,qa-engineer,Level,Senior,127,65500,77500,92500,112500,137500,
2025,qa-engineer,Experience,ZeroToTwo,126,33500,42500,53500,65500,82500,
2025,qa-engineer,Experience,ThreeToFive,114,54500,62500,77500,92500,102500,
2025,qa-engineer,Experience,SixToTen,88,66500,77500,92500,112500,132500,
2025,qa-engineer,Experience,TenPlus,28,82500,92500,107500,127500,177500,
2025,sap-erp-developer,All,,94,35500,46500,77500,112500,152500,
2025,sap-erp-developer,Level,Junior,19,30500,35500,38500,52500,64500,
2025,sap-erp-developer,Level,Middle,23,36500,44500,54500,65500,77500,
2025,sap-erp-developer,Level,Senior,52,65500,92500,112500,142500,182500,
2025,sap-erp-developer,Experience,ZeroToTwo,29,30500,35500,40500,48500,57500,
2025,sap-erp-developer,Experience,ThreeToFive,21,50500,57500,66500,82500,112500,
2025,sap-erp-developer,Experience,SixToTen,28,65500,92500,107500,137500,152500,
2025,sap-erp-developer,Experience,TenPlus,16,97500,102500,142500,172500,300000,
2025,software-architect,All,,219,122500,152500,182500,215000,255000,
2025,software-architect,Level,Senior,206,132500,152500,182500,215000,255000,
2025,software-architect,Experience,SixToTen,42,112500,137500,162500,187500,225000,
2025,software-architect,Experience,TenPlus,165,142500,162500,192500,225000,265000,
2025,software-director,All,,48,137500,172500,245000,255000,300000,
2025,software-director,Level,Senior,48,137500,172500,245000,255000,300000,
2025,software-director,Experience,TenPlus,48,137500,172500,245000,255000,300000,
2025,system-engineer,All,,55,32500,45500,73500,107500,157500,
2025,system-engineer,Level,Junior,17,29500,30500,40500,54500,60500,
2025,system-engineer,Level,Senior,24,55500,97500,117500,152500,177500,
2025,system-engineer,Experience,ZeroToTwo,24,29500,36500,51500,60500,77500,
2025,team-lead,All,,525,102500,122500,152500,187500,225000,
2025,team-lead,Level,Middle,26,77500,87500,112500,132500,162500,
2025,team-lead,Level,Senior,496,107500,127500,152500,187500,225000,
2025,team-lead,Experience,ThreeToFive,23,77500,92500,102500,122500,132500,
2025,team-lead,Experience,SixToTen,185,102500,127500,147500,172500,205000,
2025,team-lead,Experience,TenPlus,312,112500,132500,162500,192500,245000,
2026,ai-engineer,All,,19,38500,50500,82500,112500,157500,
2026,back-end-developer,All,,909,68500,97500,132500,177500,215000,
2026,back-end-developer,Level,Junior,114,44500,54500,68500,92500,112500,
2026,back-end-developer,Level,Middle,294,68500,87500,107500,132500,162500,
2026,back-end-developer,Level,Senior,501,112500,137500,167500,205000,245000,
2026,back-end-developer,Experience,ZeroToTwo,147,45500,56500,72500,92500,117500,
2026,back-end-developer,Experience,ThreeToFive,242,70500,87500,112500,132500,162500,
2026,back-end-developer,Experience,SixToTen,368,107500,132500,162500,192500,225000,
2026,back-end-developer,Experience,TenPlus,152,102500,147500,177500,205000,265000,
2026,business-analyst,All,,112,60500,82500,127500,182500,235000,
2026,business-analyst,Level,Junior,25,36500,46500,70500,82500,102500,
2026,business-analyst,Level,Middle,34,70500,82500,107500,147500,167500,
2026,business-analyst,Level,Senior,53,97500,132500,182500,215000,265000,
2026,business-analyst,Experience,ZeroToTwo,32,38500,50500,70500,82500,102500,
2026,business-analyst,Experience,ThreeToFive,23,82500,97500,102500,152500,205000,
2026,business-analyst,Experience,SixToTen,41,107500,137500,157500,182500,225000,
2026,business-analyst,Experience,TenPlus,16,127500,192500,215000,255000,285000,
2026,cto,All,,37,137500,197500,265000,355000,400000,
2026,cto,Level,Senior,33,137500,205000,275000,355000,400000,
2026,cto,Experience,TenPlus,32,167500,205000,275000,365000,400000,
2026,cyber-security,All,,42,60500,82500,152500,205000,265000,
2026,cyber-security,Level,Senior,23,132500,162500,172500,255000,325000,
2026,cyber-security,Experience,SixToTen,21,152500,167500,172500,255000,325000,
2026,data-analyst,All,,57,60500,77500,102500,142500,167500,
2026,data-analyst,Level,Junior,19,45500,60500,65500,77500,87500,
2026,data-analyst,Level,Middle,15,82500,92500,97500,122500,142500,
2026,data-analyst,Level,Senior,23,97500,127500,147500,182500,205000,
2026,data-analyst,Experience,ZeroToTwo,23,55500,60500,77500,92500,117500,
2026,data-analyst,Experience,ThreeToFive,18,77500,92500,107500,147500,167500,
2026,data-engineer,All,,27,97500,112500,142500,187500,245000,
2026,data-scientist,All,,121,70500,92500,127500,177500,225000,
2026,data-scientist,Level,Junior,28,45500,65500,82500,102500,112500,
2026,data-scientist,Level,Middle,53,77500,97500,127500,152500,215000,
2026,data-scientist,Level,Senior,40,122500,152500,182500,225000,275000,
2026,data-scientist,Experience,ZeroToTwo,42,56500,69500,92500,112500,142500,
2026,data-scientist,Experience,ThreeToFive,42,87500,102500,132500,157500,177500,
2026,data-scientist,Experience,SixToTen,34,127500,147500,182500,245000,295000,
2026,database-administrator,All,,22,70500,77500,132500,205000,225000,
2026,devops-engineer,All,,114,66500,102500,137500,182500,245000,
2026,devops-engineer,Level,Junior,22,50500,55500,77500,92500,102500,
2026,devops-engineer,Level,Middle,41,82500,102500,127500,142500,167500,
2026,devops-engineer,Level,Senior,51,132500,152500,182500,235000,265000,
2026,devops-engineer,Experience,ZeroToTwo,32,50500,60500,82500,102500,137500,
2026,devops-engineer,Experience,ThreeToFive,32,97500,117500,137500,142500,172500,
2026,devops-engineer,Experience,SixToTen,32,122500,142500,177500,187500,235000,
2026,devops-engineer,Experience,TenPlus,18,182500,205000,245000,265000,305000,
2026,embedded-software-developer,All,,91,74500,107500,127500,182500,225000,
2026,embedded-software-developer,Level,Middle,32,74500,102500,117500,137500,162500,
2026,embedded-software-developer,Level,Senior,48,102500,127500,157500,215000,235000,
2026,embedded-software-developer,Experience,ThreeToFive,24,92500,107500,122500,137500,162500,
2026,embedded-software-developer,Experience,SixToTen,40,102500,117500,147500,197500,225000,
2026,engineering-manager,All,,94,142500,187500,255000,325000,375000,
2026,engineering-manager,Level,Senior,92,142500,187500,255000,325000,375000,
2026,engineering-manager,Experience,SixToTen,15,127500,162500,215000,325000,355000,
2026,engineering-manager,Experience,TenPlus,78,152500,192500,255000,325000,375000,
2026,front-end-developer,All,,359,60500,77500,107500,147500,187500,
2026,front-end-developer,Level,Junior,31,32500,50500,60500,65500,73500,
2026,front-end-developer,Level,Middle,166,59500,70500,97500,112500,137500,
2026,front-end-developer,Level,Senior,162,92500,117500,142500,177500,225000,
2026,front-end-developer,Experience,ZeroToTwo,50,40500,50500,60500,70500,87500,
2026,front-end-developer,Experience,ThreeToFive,136,65500,73500,97500,112500,137500,
2026,front-end-developer,Experience,SixToTen,131,87500,107500,132500,157500,187500,
2026,front-end-developer,Experience,TenPlus,42,107500,132500,182500,215000,265000,
2026,full-stack-developer,All,,1110,60500,82500,112500,157500,205000,
2026,full-stack-developer,Level,Junior,168,40500,50500,65500,92500,102500,
2026,full-stack-developer,Level,Middle,423,60500,77500,97500,122500,142500,
2026,full-stack-developer,Level,Senior,519,97500,122500,152500,192500,245000,
2026,full-stack-developer,Experience,ZeroToTwo,243,40500,53500,70500,97500,112500,
2026,full-stack-developer,Experience,ThreeToFive,303,65500,82500,97500,122500,142500,
2026,full-stack-developer,Experience,SixToTen,353,87500,112500,142500,172500,205000,
2026,full-stack-developer,Experience,TenPlus,211,102500,132500,167500,215000,265000,
2026,game-developer,All,,41,40500,70500,92500,117500,157500,
2026,game-developer,Level,Middle,20,50500,70500,92500,102500,117500,
2026,game-developer,Experience,ThreeToFive,16,68500,72500,92500,102500,117500,
2026,mobile-developer,All,,397,65500,92500,127500,187500,225000,
2026,mobile-developer,Level,Junior,43,35500,45500,65500,77500,97500,
2026,mobile-developer,Level,Middle,144,64500,82500,102500,122500,147500,
2026,mobile-developer,Level,Senior,210,112500,137500,177500,215000,265000,
2026,mobile-developer,Experience,ZeroToTwo,66,40500,55500,69500,87500,102500,
2026,mobile-developer,Experience,ThreeToFive,130,70500,87500,107500,137500,172500,
2026,mobile-developer,Experience,SixToTen,161,107500,127500,162500,205000,225000,
2026,mobile-developer,Experience,TenPlus,40,157500,187500,225000,295000,335000,
2026,product-manager,All,,100,87500,122500,152500,225000,285000,
2026,product-manager,Level,Middle,34,71500,92500,122500,137500,152500,
2026,product-manager,Level,Senior,62,127500,152500,197500,255000,315000,
2026,product-manager,Experience,ThreeToFive,27,87500,92500,122500,137500,147500,
2026,product-manager,Experience,SixToTen,34,122500,127500,152500,197500,265000,
2026,product-manager,Experience,TenPlus,30,172500,182500,245000,295000,355000,
2026,project-manager,All,,49,77500,107500,167500,245000,285000,
2026,project-manager,Level,Senior,35,107500,157500,187500,255000,285000,
2026,project-manager,Experience,TenPlus,26,152500,167500,225000,265000,305000,
2026,qa-engineer,All,,144,60500,77500,102500,127500,172500,
2026,qa-engineer,Level,Junior,20,44500,53500,67500,77500,92500,
2026,qa-engineer,Level,Middle,61,60500,77500,92500,112500,147500,
2026,qa-engineer,Level,Senior,63,77500,107500,122500,157500,205000,
2026,qa-engineer,Experience,ZeroToTwo,30,44500,53500,67500,77500,92500,
2026,qa-engineer,Experience,ThreeToFive,47,70500,77500,87500,102500,127500,
2026,qa-engineer,Experience,SixToTen,55,87500,107500,122500,162500,205000,
2026,sap-erp-developer,All,,130,60500,74500,107500,152500,192500,
2026,sap-erp-developer,Level,Junior,16,38500,45500,62500,74500,92500,
2026,sap-erp-developer,Level,Middle,42,60500,65500,87500,107500,127500,
2026,sap-erp-developer,Level,Senior,72,77500,102500,142500,172500,215000,
2026,sap-erp-developer,Experience,ZeroToTwo,27,44500,55500,62500,77500,92500,
2026,sap-erp-developer,Experience,ThreeToFive,36,65500,72500,92500,107500,137500,
2026,sap-erp-developer,Experience,SixToTen,40,77500,102500,122500,157500,187500,
2026,sap-erp-developer,Experience,TenPlus,27,142500,152500,177500,215000,255000,
2026,software-architect,All,,137,142500,197500,235000,285000,325000,
2026,software-architect,Level,Senior,128,162500,205000,245000,295000,325000,
2026,software-architect,Experience,SixToTen,21,147500,205000,215000,245000,315000,
2026,software-architect,Experience,TenPlus,106,167500,205000,245000,295000,335000,
2026,software-director,All,,33,205000,215000,295000,335000,400000,
2026,software-director,Level,Senior,32,205000,225000,295000,335000,400000,
2026,software-director,Experience,TenPlus,32,205000,215000,295000,335000,400000,
2026,system-engineer,All,,64,48500,70500,112500,147500,205000,
2026,system-engineer,Level,Junior,15,32500,36500,50500,61500,97500,
2026,system-engineer,Level,Middle,29,60500,73500,122500,137500,162500,
2026,system-engineer,Level,Senior,20,92500,117500,162500,225000,275000,
2026,system-engineer,Experience,ZeroToTwo,17,35500,36500,58500,70500,97500,
2026,system-engineer,Experience,ThreeToFive,19,60500,70500,102500,122500,147500,
2026,system-engineer,Experience,SixToTen,19,92500,122500,137500,205000,275000,
2026,team-lead,All,,339,132500,162500,205000,245000,305000,
2026,team-lead,Level,Senior,326,137500,167500,205000,245000,305000,
2026,team-lead,Experience,SixToTen,116,132500,157500,187500,215000,245000,
2026,team-lead,Experience,TenPlus,208,142500,177500,215000,265000,315000,
